Title,URL,Description
"Formation de Data Analyst | Certifié école MINES Paris PSL
DataScientest
https://formation.datascientest.com › data-analyst",https://formation.datascientest.com/data-analyst-landing-page,No description found
Nos Formations,https://datascientest.com/#formations,No description found
Nos Tarifs,https://datascientest.com/financement-et-tarifs,No description found
Découvrir les Formations,https://formation.datascientest.com/nos-formations,No description found
"Formation Data
DataBird
https://www.data-bird.co",https://www.data-bird.co/c/formation-data-analyst-temps-plein,No description found
"LSE Data Analytics Certificate | Study Data Analytics at LSE
onlinecareeraccelerators.lse.ac.uk
https://onlinecareeraccelerators.lse.ac.uk",https://onlinecareeraccelerators.lse.ac.uk/lse-data-analytics-online-career-accelerator,No description found
"Bachelor's degre in Business and Data - Albert School
albertschool.com
https://www.albertschool.com › programs › bachelor-b...",https://www.albertschool.com/programs/bachelor-business-data,No description found
"Programs at Albert School
albertschool.com
https://www.albertschool.com › programs",https://www.albertschool.com/programs,No description found
"MSC Data for Business - Albert School
albertschool.com
https://www.albertschool.com › programs › msc-data-fo...",https://www.albertschool.com/programs/msc-data-for-business,No description found
"International Master in Business and Data - Albert School
albertschool.com
https://www.albertschool.com › programs › internationa...",https://www.albertschool.com/programs/international-masters,No description found
"International Master Finance and Data - Albert School
Albert School
https://fr.albertschool.com › intern...",https://fr.albertschool.com/programs/international-master-finance-and-data,No description found
"MSc Data for Finance - Albert School
albertschool.com
https://www.albertschool.com › programs › msc-data-fo...",https://www.albertschool.com/programs/msc-data-for-finance,No description found
"Bachelor's degree in Business and Data (en anglais)
Albert School
https://fr.albertschool.com › bache...",https://fr.albertschool.com/programs/bachelor-business-data,No description found
"Albert School : l'école d'excellence spécialisée data et ...
Tonavenir
https://www.tonavenir.net › albert-s...",https://www.tonavenir.net/albert-school-formation-data-business/,No description found
"MSC Data for Business - Albert School
Albert School
https://fr.albertschool.com › msc-d...",https://fr.albertschool.com/programs/msc-data-for-business,No description found
"Mines Paris & Albert School joint degrees
Mines Paris
https://www.minesparis.psl.eu › Home › EDUCATION",https://www.minesparis.psl.eu/en/education/mines-paris-albert-school-joint-degrees/,No description found
